200,from,to
0,116,173
1,80,139
2,144,75
3,143,62
4,72,192
5,139,35
6,127,111
7,32,44
8,42,142
9,179,67
10,30,51
11,2,78
12,8,5
13,8,90
14,5,8
15,33,149
16,129,184
17,69,41
18,170,68
19,73,180
20,54,101
21,7,68
22,184,66
23,113,141
24,71,171
25,109,107
26,20,141
27,178,23
28,15,184
29,127,135
30,151,49
31,71,12
32,151,171
33,20,98
34,121,101
35,104,65
36,149,33
37,4,109
38,92,84
39,55,64
40,148,5
41,108,74
42,0,169
43,53,199
44,41,69
45,50,64
46,130,112
47,90,110
48,192,21
49,68,170
50,173,24
51,162,82
52,104,0
53,172,153
54,181,61
55,140,57
56,92,137
57,137,92
58,141,113
59,134,89
60,5,148
61,64,139
62,188,14
63,12,171
64,55,142
65,114,50
66,84,92
67,173,116
68,18,117
69,171,12
70,33,126
71,91,28
72,174,86
73,64,55
74,56,42
75,42,5
76,179,161
77,62,143
78,108,130
79,21,192
80,53,96
81,108,141
82,155,105
83,174,135
84,51,175
85,46,65
86,161,179
87,143,136
88,43,91
89,132,184
90,23,65
91,168,27
92,78,2
93,68,97
94,25,182
95,166,58
96,71,35
97,135,174
98,52,44
99,44,52
100,199,53
101,14,188
102,105,96
103,168,46
104,91,146
105,16,29
106,98,20
107,171,151
108,147,153
109,5,53
110,12,107
111,101,54
112,83,23
113,46,168
114,100,29
115,166,169
116,45,87
117,86,23
118,169,0
119,93,40
120,195,170
121,54,122
122,199,56
123,74,108
124,172,6
125,196,194
126,29,16
127,170,194
128,130,61
129,131,185
130,34,82
131,157,126
132,44,32
133,43,40
134,61,191
135,122,54
136,84,75
137,124,195
138,162,138
139,90,8
140,38,116
141,67,179
142,109,8
143,171,21
144,50,114
145,24,173
146,185,131
147,54,190
148,182,25
149,105,66
150,130,136
151,18,37
152,197,39
153,61,181
154,139,64
155,109,166
156,40,93
157,142,55
158,156,19
159,50,42
160,165,163
161,32,33
162,51,30
163,142,42
164,23,178
165,162,105
166,94,149
167,105,162
168,35,139
169,154,41
170,126,157
171,58,73
172,184,132
173,110,90
174,125,77
175,116,38
176,112,116
177,62,115
178,96,105
179,0,104
180,91,43
181,107,12
182,130,108
183,136,143
184,139,80
185,75,144
186,171,71
187,105,155
188,19,156
189,5,42
190,19,6
191,136,130
192,56,199
193,40,43
194,37,18
195,179,69
196,65,104
197,77,125
198,184,129
199,175,51
200,113,112
201,58,166
202,112,113
203,8,109
204,12,174
205,90,65
206,159,41
207,82,162
208,60,10
209,109,4
210,64,50
211,184,15
212,153,172
213,113,20
214,194,170
215,112,130
216,174,152
217,195,124
218,48,85
219,85,48
220,41,159
221,23,161
222,61,130
223,20,113
224,170,195
225,10,60
226,116,112
227,141,108
228,191,61
229,140,78
230,66,105
231,21,123
232,65,23
233,65,90
234,12,71
235,46,109
236,86,174
237,149,94
238,174,12
239,29,54
240,152,174
241,180,73
242,33,32
243,163,165
244,41,154
245,23,83
246,138,162
247,96,53
248,193,22
249,109,46
250,153,147
251,89,134
252,57,140
253,42,50
254,69,179
255,78,140
256,39,197
257,121,175
258,6,172
259,22,193
260,29,100
261,117,18
262,141,20
263,115,62
264,107,109
265,68,7
266,126,33
267,41,91
268,175,121
269,23,86
270,65,46
271,111,127
272,190,54
273,42,56
274,53,5
275,49,151
276,27,168
277,171,120
278,120,171
279,87,45
280,169,166
281,192,72
282,6,19
283,73,58
284,123,21
285,82,34
286,161,23
287,146,91
288,66,184
289,97,68
290,101,121
291,75,84
292,135,127
293,28,91
294,21,171
295,166,109
296,35,71
297,54,29
298,91,41
299,194,196
